Title,Description,Visible URL,URL
AC Repair - Up To $1500 Off HVAC Installs,"Trusted Jacksonville Company For HVAC, Plumbing Repairs & Installations. Consistent Pricing And Performance. 24/7 HVAC & Plumbing Service. Schedule Today!",www.fenwickhomeservices.com/,https://www.fenwickhomeservices.com/air-conditioning-service/
HVAC Heat Repair - Up To $1500 Off HVAC Installs,"Trusted Jacksonville Company For HVAC, Plumbing Repairs & Installations. Consistent Pricing And Performance. 24/7 HVAC & Plumbing Service. Schedule Today!",www.fenwickhomeservices.com/,https://www.fenwickhomeservices.com/
HVAC Contractors - Up To $1500 Off HVAC Installs,"Trusted Jacksonville Company For HVAC, Plumbing Repairs & Installations. Consistent Pricing And Performance. 24/7 HVAC & Plumbing Service. Schedule Today! Highly Trained Employees. Award-Winning Service. No Emergency Charges Ever. No-Surprise Pricing.",www.fenwickhomeservices.com/,https://www.fenwickhomeservices.com/
Heater Repair - Up To $1500 Off HVAC Installs,"Trusted Jacksonville Company For HVAC, Plumbing Repairs & Installations. Consistent Pricing And Performance. 24/7 HVAC & Plumbing Service. Schedule Today!",www.fenwickhomeservices.com/,https://www.fenwickhomeservices.com/heating/
Air Conditioning Services - Up To $1500 Off HVAC Installs,"Trusted Jacksonville Company For HVAC, Plumbing Repairs & Installations. Consistent Pricing And Performance. 24/7 HVAC & Plumbing Service. Schedule Today!",www.fenwickhomeservices.com/,https://www.fenwickhomeservices.com/
Emergency Heating - Up To $1500 Off HVAC Installs,"Trusted Jacksonville Company For HVAC, Plumbing Repairs & Installations. Consistent Pricing And Performance. 24/7 HVAC & Plumbing Service. Schedule Today!",www.fenwickhomeservices.com/,https://www.fenwickhomeservices.com/heating/
Fenwick Home Services Plumbing - $50 Off Plumbing Repairs,"Trusted Jacksonville Company For HVAC, Plumbing Repairs & Installations. Consistent Pricing And Performance. 24/7 HVAC & Plumbing Service. Schedule Today!",www.fenwickhomeservices.com/,https://www.fenwickhomeservices.com/
Air Conditioning Services - Up To $1500 Off HVAC Installs,"Trusted Jacksonville Company For HVAC, Plumbing Repairs & Installations. Consistent Pricing And Performance. 24/7 HVAC & Plumbing Service. Schedule Today! Highly Trained Employees. No Emergency Charges Ever. No-Surprise Pricing. Award-Winning Service.",www.fenwickhomeservices.com/,https://www.fenwickhomeservices.com/
Fenwick AC Services - Up To $1500 Off HVAC Installs,"Trusted Jacksonville Company For HVAC, Plumbing Repairs & Installations. Consistent Pricing And Performance. 24/7 HVAC & Plumbing Service. Schedule Today!",www.fenwickhomeservices.com/,https://www.fenwickhomeservices.com/
HVAC Servicing - Up To $1500 Off HVAC Installs,"Trusted Jacksonville Company For HVAC, Plumbing Repairs & Installations. Consistent Pricing And Performance. 24/7 HVAC & Plumbing Service. Schedule Today!",www.fenwickhomeservices.com/,https://www.fenwickhomeservices.com/
